,name,address
0,강남구보건소,서울특별시 강남구 삼성동(삼성2동) 8 강남구보건소
1,삼성서울병원,서울특별시 강남구 일원로81 삼성서울병원
2,강남세브란스병원,서울특별시 강남구 언주로211 강남세브란스병원
3,강동구보건소,서울특별시 강동구 성내로45
4,중앙보훈병원,서울특별시 강동구 진황도로 61길 53
5,강동경희대병원,서울특별시 강동구 동남로 892
6,강동성심병원,서울특별시 강동구 성안로 150
7,강북구보건소,"서울특별시 강북구 한천로 897, 강북구보건소"
8,강서구보건소,서울특별시 강서구 염창동 275-12 강서보건소
9,관악구보건소,서울특별시 관악구 청룡동 1570-1
10,에이치플러스양지병원,서울특별시 관악구 남부순환로 1636
11,광진구보건소,서울특별시 광진구 자양1동 777
12,건국대학교병원,서울특별시 광진구 능동로 120-1
13,구로구보건소,"서울특별시 구로구 구로동(구로제5동) 109-4 구로5동 주민센터, 구로구보건소"
14,고대구로병원,서울특별시 구로구 구로동로 148
15,구로성심병원,서울특별시 구로구 경인로 427
16,금천구보건소,서울특별시 금천구 시흥제1동 1020 금천구보건소
17,희명병원,서울특별시 금천구 시흥대로 244
18,노원구보건소,"서울특별시 노원구 상계6.7동 노원구보건소, 701-1"
19,노원을지대학교병원,서울특별시 노원구 한글비석로 68
20,상계백병원,서울특별시 노원구 동일로 1342
21,도봉구보건소,서울특별시 도봉구 쌍문동 565
22,한일병원,서울특별시 도봉구 우이천로 308(쌍문동)
23,동대문구보건소,서울특별시 동대문구 용두동 39-9
24,삼육서울병원,서울특별시 동대문구 망우로 82
25,서울특별시동부병원,서울특별시 동대문구 무학로 124
26,서울성심병원,서울특별시 동대문구 왕산로 259
27,경희의료원,서울특별시 동대문구 경희대로 23
28,동작구보건소,서울특별시 동작구 상도2동 176-3
29,서울특별시 보라매병원,서울특별시 동작구 보라매로5길 20
30,서울특별시 중앙대학교 병원,서울특별시 동작구 흑석로 102
31,마포구보건소,서울특별시 마포구 성산동 370
32,서대문구보건소,서울특별시 서대문구 연희동 연희로242 (연희동 165-2)
33,세브란스병원,서울특별시 서대문구 연세로 50-1
34,서울중구보건소,서울특별시 중구 신당동 50-5 중구보건소
35,인제대학교서울백병원,서울특별시 중구 마른내로 9 백병원
36,국립중앙의료원,서울특별시 중구 을지로 245
37,서초구보건소,서울특별시 서초구 서초동(서초2동) 1376-3 서초구청 보건소
38,가톨릭대학교 서울성모병원,서울특별시 서초구 반포대로 222
39,서울특별시 어린이병원,서울특별시 서초구 헌릉로 260
40,성동구보건소,서울특별시 성동구 홍익동 (왕십리도선동) 16-15 성동구보건소
41,한양대학교병원,서울특별시 성동구 왕십리로 222-1 (사근동)
42,성동군자의원,서울특별시 성동구 광나루로 323 송정빌딩 2층
43,성북구보건소,서울특별시 성북구 월곡제2동 46-1 성북구보건소
44,고려대학교의료원안암병원,서울특별시 성북구 고려대로73(안암동 5가)
45,송파구보건소,"서울특별시 송파구 신천동 29-5 송파구청, 보건소"
46,서울아산병원,서울특별시 송파구 올림픽로43길 88
47,경찰병원,서울특별시 송파구 송이로 123
48,양천구보건소,서울특별시 양천구 신정동(신정6동) 321-5 양천보건소
49,이화여자대학교의과대학부속목동병원,서울특별시 양천구 안양천로 1071
50,서울특별시 서남병원,서울특별시 양천구 신정이펜1로 20
51,홍익병원,서울특별시 양천구 목동로 225
52,영등포구보건소,서울특별시 영등포구 당산동3가(당산제1동) 385-1 영등포구청 영등포구보건소
53,한림대학교 강남성심병원,서울특별시 영등포구 신길로 1
54,의료법인 성애병원,서울특별시 영등포구 여의대방로 53길22
55,가톨릭대학교 여의도성모병원,서울특별시 영등포구 63로 10
56,인봉의료재단 영등포병원,서울특별시 영등포구 당산로31길 10
57,용산구보건소,서울특별시 용산구 이태원동 34-87
58,순천향대학교서울병원,서울특별시 용산구 대사관로 59(한남동)
59,은평구보건소,서울특별시 은평구 녹번동 84 은평구종합청사 은평구보건소
60,가톨릭대학교 은평성모병원,서울특별시 은평구 통일로1021
61,서울특별시서북병원,서울특별시 은평구 갈현로7길 49
62,서울특별시은평병원,서울특별시 은평구 백련산로 90
63,의료법인 청구성심병원,서울특별시 은평구 통일로 873
64,종로구보건소,서울특별시 종로구 옥인동(청운효자동) 45-30 종로구보건소
65,강북삼성병원,서울특별시 종로구 평동 108
66,서울적십자병원,서울특별시 종로구 평동 164
67,서울대학교병원,서울특별시 종로구 대학로 101(연건동)
68,중랑구보건소,서울특별시 중랑구 신내2동 662 중랑구청
69,서울의료원,서울특별시 중랑구 신내로 156
70,녹색병원,서울특별시 중랑구 사가정로 49길 53
71,부산강서구보건소,부산광역시 강서구 대저2동 1932-1 강서브라이트센터 보건소
72,의료법인 갑을녹산재단 갑을녹산병원,부산광역시 강서구 녹산산단321로 24-8
73,금정구보건소,부산광역시 금정구 부곡3동 78
74,세웅병원,부산광역시 금정구 서동로 162(서동)
75,기장군보건소,부산광역시 기장군 기장읍 신천리 1번지
76,동남권원자력의학원,부산광역시 기장군 장안읍 좌동길 40
77,기장병원,부산광역시 기장군 기장읍 대청로72번길 6
78,동래구보건소,부산광역시 동래구 명륜2동 702-54번지
79,대동병원,부산광역시 동래구 충렬대로187
80,봉생병원,부산광역시 동래구 안연로109번길 27
81,광혜병원,부산광역시 동래구 충렬대로 96
82,부산남구보건소,부산광역시 남구 못골로 23
83,부산성모병원,부산광역시 남구 용호로 232번길 25-14
84,부산동구보건소,부산광역시 동구 수정동(수정제2동) 806-74 동구청 보건소
85,좋은문화병원,부산광역시 동구 범일로 119(범일동)
86,김원묵기념봉생병원,부산광역시 동구 중앙대로 401(좌천동)
87,부산북구보건소,부산광역시 북구 금곡대로348 (화명동)
88,부민병원,부산광역시 북구 만덕대로 59
89,구포성심병원,부산광역시 북구 낙동대로 1786(구포동)
90,부산서구보건소,부산광역시 서구 부용동2가(부민동) 86 서구보건소 부민노인복지관
91,부산대학교병원,부산광역시 서구 구덕로 179
92,동아대학교병원,부산광역시 서구 대신공원로 26
93,고신대학교복음병원,부산광역시 서구 감천로 262
94,삼육부산병원,부산광역시 서구 대티로 170
95,부산중구보건소,부산광역시 중구 대청동1가 중구청 중구로 120
96,메리놀병원,부산광역시 중구 중구로 121
97,부산진구보건소,부산광역시 부산진구 범천동(범천제1동) 849-10 부산진보건소
98,인제대학교부산백병원,부산광역시 부산진구 복지로 75
99,온종합병원,부산광역시 부산진구 가야대로 721
100,동의병원,부산광역시 부산진구 양정로 62
101,춘해병원,부산광역시 부산진구 중앙대로 605
102,사상구보건소,부산광역시 사상구 감전동 138-8
103,부산보훈병원,부산광역시 사상구 백양대로 420 (주례동)
104,좋은삼선병원,부산광역시 사상구 가야대로 326
105,사하구보건소,부산광역시 사하구 하신번영로127번길 2(신평동)
106,수영구보건소,부산광역시 수영구 광안1동 661-1번지
107,좋은강안병원,부산광역시 수영구 수영로 493
108,BHS한서병원,부산광역시 수영구 수영로 615
109,연제구보건소,부산광역시 연제구 연산2동 연제로 2(연산2동 1555)
110,부산광역시의료원,부산광역시 연제구 월드컵대로 359
111,영도구보건소,"부산광역시 영도구 청학동(청학제2동) 48-3, 영도구청 보건소동"
112,영도병원,부산광역시 영도구 태종로 85
113,해동병원,부산광역시 영도구 태종로 133(봉래동 3가)
114,해운대구보건소,부산광역시 해운대구 좌2동 1339
115,해운대백병원,부산광역시 해운대로875
116,해운대부민병원,부산광역시 해운대로584
117,달서구보건소,대구광역시 달서구 월성동(월성2동) 281 달서구청
118,계명대학교 동산병원,대구광역시 달서구 달구벌대로 1035
119,삼일병원,대구광역시 달서구 월배로 436
120,구병원,대구광역시 달서구 감삼북길 141
121,세강병원,대구광역시 달서구 구마로 220
122,W병원,대구광역시 달서구 달구벌대로 1632
123,대구보훈병원,대구광역시 달서구 월곡로60
124,달성군 보건소,대구광역시 달성군 현풍읍 하리 253-2
125,대구광역시 남구보건소,대구광역시 남구 대명2동 2003번지(영선길 34)
126,영남대학교 병원,대구광역시 남구 현충로 170
127,대구가톨릭대학교 병원,대구광역시 남구 두류공원로17길 33
128,드림병원,대구광역시 남구 대명로 153
129,대구광역시 동구보건소,대구광역시 동구 검사동(동촌동) 1005-8 동구보건소
130,대구파티마병원,대구광역시 동구 아양로 99
131,대구광역시 북구보건소,대구광역시 북구 침산3동 521-2 (침산동 북구보건소)
132,대구가톨릭대학교 칠곡가톨릭병원,대구광역시 북구 칠곡중앙대로 440
133,대구광역시 서구보건소,대구광역시 서구 평리3동 1230-9(국채보상로257)
134,대구의료원,대구광역시 서구 평리로 157
135,대구광역시 중구보건소,대구광역시 중구 태평로3가(성내3동) 174-1 중구보건소
136,경북대학교병원,대구광역시 중구 동덕로 130 경북대학교병원
137,수성구보건소,대구광역시 수성구 중동 266-5(수성로213)
138,강화군보건소,인천광역시 강화군 강화읍 남산리 324-1 강화군보건소
139,비에스종합병원,인천광역시 강화군 충렬사로 31
140,계양구보건소,인천광역시 계양구 계산동 1079-1
141,인성의료재단 한림병원,인천광역시 계양구 장재로 722
142,인천세종병원,인천광역시 계양구 계양문화로 20
143,인천광역시남동구보건소,"인천광역시 남동구 소래로 633, 남동구보건소"
144,길의료재단 길병원,인천광역시 남동구 남동대로 744번길 21
145,인천광역시부평구보건소,인천광역시 부평구 부흥로 291 부평구보건소
146,부평세림병원,인천광역시 부평구 부평대로 175
147,가톨릭대학교 인천성모병원,인천광역시 부평구 동수로 56
148,근로복지공단 인천병원,인천광역시 부평구 무네미로 446
149,연수구보건소,인천광역시 연수구 청학동 465-2(함박뫼로 13호)
150,나사렛국제병원,"인천광역시 연수구 먼우금로 98 (동춘동, 나사렛국제병원)"
151,인천적십자병원,"인천광역시 연수구 원인재로 263 (연수동, 인천적십자병원)"
152,옹진군보건소,인천광역시 옹진군 매소홀로120
153,백령병원,인천광역시 옹진군 백령로 233
154,인천광역시미추홀구보건소,인천광역시 미추홀구 도화동(도화1동) 357-1 미추홀구보건소
155,인천사랑병원,인천광역시 미추홀구 미추홀대로 726
156,현대유비스병원,인천광역시 미추홀구 독배로503
157,인천광역시동구보건소,"인천광역시 동구 만석동 18-3 인천광역시동구보건소, 1동"
158,인천백병원,인천광역시 동구 샛골로214(송림동)
159,인천광역시의료원,인천광역시 동구 방축로217(송림동)
160,인천광역시서구보건소,인천광역시 서구 심곡동(연희동) 246-1 서구보건소 39
161,국제성모병원,인천광역시 서구 서구 심곡로100번길 23
162,검단탑병원,인천광역시 서구 서구 청마로19번길 5
163,나은병원,인천광역시 서구 서구 원적로 23
164,뉴 성민병원,인천광역시 서구 서구 신석로 70
165,온누리병원,인천광역시 서구 서구 완정로 199
166,인천광역시중구보건소,인천광역시 중구 전동 2-1
167,인하대병원,인천광역시 중구 인항로27
168,인천기독병원,인천광역시 중구 답동로 30번길 10
169,영종 국제도시보건과,인천광역시 중구 운남서로 100-1
170,광산구보건소,"광주광역시 광산구 송정동 833-8 (,송정동)"
171,첨단종합병원,광주광역시 광산구 첨단중앙로 170번길 59
172,KS병원,광주광역시 광산구 왕버들로220
173,광주남구보건소,광주광역시 남구 봉선로 20-1
174,광주기독병원,광주광역시 남구 양림로 37
175,광주동구보건소,광주광역시 동구 서석동 31번지
176,전남대학교병원,광주광역시 동구 제봉로 42
177,조선대학교병원,광주광역시 동구필문대로 365
178,광주북구보건소,광주광역시 북구 중흥2동 359번지
179,광주일곡병원,광주광역시 북구 양일로 309
180,광주서구보건소,광주광역시 서구 농성동(농성1동) 299 서구보건소
181,서광병원,광주광역시 서구 금화로 59번길 6 (금호동)
182,대덕구보건소,대전광역시 대덕구 석봉로38번길55 (석봉동)
183,근로복지공단 대전병원,대전광역시 대덕구 계족로 637
184,대전보훈병원,대전광역시 대덕구 대청로 82번길 147
185,대전광역시 동구보건소,대전광역시 동구 가오동 425
186,대전한국병원,대전광역시 동구 동서대로 1672
187,대전광역시 서구보건소,대전광역시 서구 만년동 340번지
188,을지대학교병원,대전광역시 서구 둔산서로 95
189,건양대학교병원,대전광역시 서구 관저동로 158
190,대전광역시 중구보건소,대전광역시 중구 문화2동 785 중구보건소
191,대전성모병원,대전광역시 중구 대흥로 64 가톨릭대학교대전성모병원
192,대전선병원,대전광역시 중구 목중로 29 대전선병원
193,충남대학교병원,대전광역시 중구 문화로 282 충남대학교병원
194,대전광역시 유성구보건소,대전광역시 유성구 노은동 270 월드컵보조경기장 P2주차장
195,유성선병원,대전광역시 유성구 북유성대로93
196,울산남구보건소,"울산광역시 남구 삼산중로 132, 울산남구보건소 (삼산동)"
197,의)정안의료재단 중앙병원,울산광역시 남구 문수로 480번길 10
198,울산병원,울산광역시 남구 월평로 171번길 13
199,좋은삼정병원,울산광역시 남구 북부순환도로 51
200,울산동구보건소,울산광역시 동구 화정동 222
201,울산대학교병원,울산광역시 동구 방어진순환도로 877
202,울산북구보건소,울산광역시 북구 연암동(효문동) 1082 보건소
203,울산시티병원,울산광역시 북구 산업로 1007
204,울산중구보건소,울산광역시 중구 남외동 603-2
205,동강병원,울산광역시 중구 태화로 239
206,울주군보건소,울산광역시 울주군 삼남읍 서향교1길 67-12 울주군보건소
207,서울산보람병원,울산광역시 울주군 삼남읍 중평로 53
208,KTX역 선별진료소,울산광역시 울주군 삼남읍 신화리467
209,가평군보건소,경기도 가평군 가평읍 읍내3리 624-1
210,HJ매그놀리아국제병원,경기도 가평군 설악면 미사리로 267-117
211,고양시덕양구보건소,경기도 고양시 덕양구 주교동 603 덕양구보건소
212,의료법인명지의료재단명지병원,경기도 고양시 덕양구 화수로14번길 55
213,과천시보건소,경기도 과천시 중앙동 과천시청 관문로 69 (중앙동)
214,광명시보건소,경기도 광명시 하안1동 230-1 오리로613
215,광명성애병원,경기도 광명시 디지털로 36
216,광주시보건소,경기도 광주시 경안동 115
217,참조은병원,경기도 광주시 광주대로 45
218,구리시보건소,경기도 구리시 인창동 674-3
219,한양대학교구리병원,경기도 구리시 경춘로 153
220,원진녹색병원,경기도 구리시 동구릉로65
221,군포시보건소,경기도 군포시 부곡동 770-1 (군포로221)
222,원광대학교의과대학 산본병원,경기도 군포시 산본로 321
223,효산의료재단법인 지샘병원,경기도 군포시 군포로 591
224,기흥구보건소,경기도 용인시 기흥구 신갈로 58번길 11
225,강남병원,경기도 용인시 기흥구 용구대로 411
226,용인세브란스병원,경기도 용인시 기흥구 동백죽전대로363
227,김포시보건소,경기도 김포시 사우동 김포보건소
228,김포우리병원,경기도 김포시 감암로 11
229,뉴고려병원,경기도 김포시 김포한강3로 283
230,히즈메디병원,경기도 김포시 김포대로 681
231,남양주보건소,경기도 남양주시 다산동(다산2동) 3159-7 남양주시청제2청사 1~2층
232,남양주보건소 동부보건센터,경기도 남양주시 화도읍 비룡로59
233,동두천시보건소,경기도 동두천시 생연2동 714-9 동두천시보건소
234,안양시 만안구보건소,경기도 안양시 만안구 안양동(안양6동) 532-1
235,샘안양병원,경기도 안양시 만안구 삼덕로 9
236,성남시분당구보건소,경기도 성남시 분당구 야탑동(야탑1동) 349 분당보건소
237,분당차병원,경기도 성남시 분당구 야탑로 59(야탑동)
238,분당제생병원,경기도 성남시 분당구서현로180번길20(서현동)
239,성남시수정구보건소,경기도 성남시 수정구 신흥동 3435 수정구보건소 218
240,성남시의료원,경기도 성남시 수정구 수정로 171번길 10
241,순천의료재단 정병원,경기도 성남시 수정구 수정로 76
242,수원시권선구보건소,경기도 수원시 권선구 호매실로 22-50
243,시흥시보건소,경기도 시흥시 대야동 484-3 (호현로55)
244,시흥시화병원,경기도 시흥시 군자천로 381
245,신천연합병원,경기도 시흥시 복지로 57
246,센트럴병원,경기도 시흥시 공단1대로 237
247,정왕보건지소,경기도 시흥시 정왕대로233번길 19
248,안산시단원보건소,경기도 안산시 단원구 초지동 666-8 안산시 단원보건소
249,고려대학교안산병원,경기도 안산시 단원구 적금로 123
250,의료법인대아의료재단한도병원,경기도 안산시 단원구 선부광장로 103
251,안산시상록수보건소,경기도 안산시 상록구 사1동 1584
252,근로복지공단안산병원,경기도 안산시 상록구 구룡로 87
253,안성시보건소,경기도 안성시 강변로 74번길 18(도기동)
254,경기도의료원 안성병원,경기도 안성시 남파로 95(당왕동)
255,안성성모병원,경기도 안성시 시장길 58(서인동)
256,안양시 동안구보건소,경기도 안양시 동안구 비산동 1111번지
257,한림대학교성심병원,경기도 안양시 동안구 관평로 170번길11
258,양주시보건소,"경기도 양주시 남방동(양주1동) 1-1 양주시보건소,양주시의회,양주시청 양주시보건소"
259,양평군보건소,경기도 양평군 양평읍 양근리 마유산로 17번지
260,양평병원,경기도 양평군 양평읍 중앙로 129
261,여주시보건소,경기도 여주시 상동 358-3 여주시보건소
262,세종여주병원,경기도 여주시 청심로 39
263,오산시보건소,경기도 오산시 오산동 25
264,오산한국병원,경기도 오산시 밀머리로1번길 16
265,순천향대학교부속부천병원,경기도 부천시 조마루로 17
266,가톨릭대학교부천성모병원,경기도 부천시 소사로 327
267,부천세종병원,경기도 부천시 호현로 489번길 28
268,부천시보건소,"경기도 부천시 길주로 486, 부천종합운동장 부설주차장 C동 1층"
269,의왕시보건소,경기도 의왕시 고천동 108
270,아가페의료재단 시티병원,경기도 의왕시 오전천로 29
271,의정부시보건소,경기도 의정부시 의정부2동 516 의정부시보건소
272,경기도의료원의정부병원(응급실),경기도 의정부시 흥선로 142
273,가톨릭대학교 의정부 성모병원,경기도 의정부시 천보로 271
274,추병원,경기도 의정부시 평화로 650
275,의정부백병원,경기도 의정부시 금신로 322
276,의정부을지대학교병원,경기도 의정부시 동일로 712(금오동)
277,이천시보건소,경기도 이천시 증포동 152-2
278,경기도의료원이천병원,경기도 이천시 경충대로 2742
279,일산서구보건소,경기도 고양시 일산서구 일산동 일중로 54
280,인제대학교일산백병원,경기도 고양시 일산서구 주화로 170
281,장안구보건소,경기도 수원시 장안구 조원동 888번지
282,경기도의료원 수원병원,경기도 수원시 장안구 수성로245번길 69
283,성남시중원구보건소,경기도 성남시 중원구 상대원1동 269-10
284,성남중앙병원,경기도 성남시 중원구 산성대로 476번길 12
285,처인구보건소,경기도 용인시 처인구 삼가동 556
286,영문의료재단 다보스병원,경기도 용인시 처인구 백옥대로 1082번길 18
287,용인서울병원,경기도 용인시 처인구 고림로 81
288,파주시보건소,경기도 파주시 금촌동(금촌1동) 953-1 파주시보건소
289,경기도의료원 파주병원,경기도 파주시 중앙로 207
290,메디인병원,경기도 파주시 시청로 6
291,팔달구보건소,경기도 수원시 팔달구 교동 56-1번지
292,성빈센트 병원,경기도 수원시 팔달구 중부대로 93 (지동)
293,동수원 병원,경기도 수원시 팔달구 중부대로 165 (우만동)
294,평택시평택보건소,경기도 평택시 비전동 850(평택5로 56)
295,의료법인 백송의료재단 굿모닝병원,경기도 평택시 중앙로 338
296,의료법인 박애의료재단 박애병원,경기도 평택시 평택2로20번길 3
297,의료법인 양진의료재단 평택성모병원,경기도 평택시 평택로 284
298,평택시안중보건지소,"경기도 평택시 안중읍 안현로4, 9길 24"
299,포천시보건소,경기도 포천시 신읍동 164-3 (포천시보건소)
300,경기도의료원 포천병원,경기도 포천시 포천로 1648
301,하남시보건소,경기도 하남시 신장2동 520
302,화성시보건소,경기도 화성시 향남읍 3.1만세로 1055
303,원광종합병원,경기도 화성시 화산북로 21
304,화성중앙종합병원,경기도 화성시 향남읍 발안로 5
305,한림대학교동탄성심병원,경기도 화성시 큰재봉길 7
306,화성디에스병원,경기도 화성시 남양읍 시청로160번길 46-13
307,화성시보건소(동탄글로브월),경기도 화성시 동탄 산단7길 60
308,영통구보건소,경기도 수원시 영통구 영통동 영통로 396
309,아주대학교병원,경기도 수원시 영통구 월드컵로164
310,평택시송탄보건소,경기도 평택시 서정동 산 12(서정로 295)
311,박병원,경기도 평택시 송탄로 33
312,일산동구보건소,경기도 고양시 일산동구 마두동 1010번지
313,국민건강보험공단일산병원,경기도 고양시 일산동구 일산로100
314,동국대학교일산불교병원,경기도 고양시 일산동구 동국로 27(식사동)
315,일산복음병원,경기도 고양시 일산동구 고양대로760
316,수지구보건소,경기도 용인시 수지구 포은대로 435
317,남양주풍양보건소,"경기도 남양주시 진접읍 금곡리 1085, 풍양보건소"
318,남양주한양병원,경기도 남양주시 오남읍 양지로 47-55
319,현대병원,경기도 남양주시 진접읍 봉현로 21
320,연천군보건의료원,경기도 연천군 전곡읍 은대리 577-36
321,강릉시보건소,"강원도 강릉시 내곡동 413 강릉시보건소, 가동 강릉시보건소"
322,강릉아산병원,강원도 강릉시 방동길 38
323,강릉동인병원,강원도 강릉시 강릉대로419번길 42
324,강릉고려병원,강원도 강릉시 옥가로 30
325,강릉의료원,강원도 강릉시 경강로 2007
326,고성군보건소,강원도 고성군 간성읍 수성로 30
327,동해시보건소,강원도 동해시 천곡동 840 보건소 동해시보건소
328,의료법인 동해동인병원,강원도 동해시 하평로 26
329,근로복지공단 동해병원,강원도 동해시 하평로 11
330,삼척시보건소,강원도 삼척시 남양동 347-4
331,강원도 삼척의료원,강원도 삼척시 오십천로 418
332,속초시보건소,강원도 속초시 동해대로 4229(생활체육관 주차장 내)
333,강원도속초의료원,강원도 속초시 영랑호반길 3
334,속초보광병원,강원도 속초시 중앙로 11
335,양구군보건소,강원도 양구군 양구읍 하리 34-5 양구군보건소
336,양구성심병원,강원도 양구군 양구읍 중심로 160
337,양양군보건소,강원도 양양군 양양읍 연창리 203-5 양양군보건소 양양군보건소
338,영월군보건소,강원도 영월군 영월읍 하송로 44 영월군보건소
339,영월의료원,강원도 영월군 영월읍 중앙1로 59 영월의료원
340,원주시보건소,강원도 원주시 일산동 211
341,연세대학교 원주세브란스기독병원,강원도 원주시 일산로 20
342,원주의료원,강원도 원주시 서원대로 387
343,인제군보건소,강원도 인제군 인제읍 인제로140번길 34
344,정선군보건소,강원도 정선군 정선읍 녹송로 33
345,근로복지공단정선병원,강원도 정선군 정선읍 봉양1길 146
346,정선군립병원,강원도 정선군 사북읍 지장천로 727
347,철원군보건소,강원도 철원군 갈말읍 군탄리 960-2
348,철원병원,강원도 철원군 갈말읍 명성로 208
349,춘천시보건소,강원도 춘천시 중앙로3가 67
350,강원대학교병원,강원도 춘천시 백령로 156
351,한림대학교춘천성심병원,강원도 춘천시 삭주로 77
352,태백시보건소,강원도 태백시 황지동 20-8
353,근로복지공단태백병원,강원도 태백시 보드미길8
354,홍천군보건소,강원도 홍천군 홍천읍 희망리 350 홍천군보건소
355,홍천아산병원,강원도 홍천군 산림공원 1길 17
356,횡성군보건소,강원도 횡성군 횡성읍 읍하리 598 횡성보건소
357,횡성대성병원,강원도 횡성군 횡성읍 횡성로275
358,평창군보건의료원,강원도 평창군 평창읍 노성로 11 평창군보건의료원
359,화천군보건의료원,강원도 화천군 화천읍 강변로 111
360,괴산군보건소,충청북도 괴산군 괴산읍 동부리 641 괴산군보건소
361,괴산성모병원,충청북도 괴산군 괴산읍 임꺽정로 116
362,단양군보건소,충청북도 단양군 단양읍 삼봉로 53
363,단양군립노인요양병원,충청북도 단양군 단양읍 별곡6길 10
364,보은군보건소,충청북도 보은군 보은읍 동광길 50
365,보은한양병원,충청북도 보은군 보은읍 보은로 102
366,영동군보건소,충청북도 영동군 영동읍 매천리 444-1
367,영동병원,충청북도 영동군 영동읍 대학로 106
368,옥천군보건소,"충청북도 옥천군 옥천읍 삼양로 8길 10, 옥천군보건소"
369,옥천성모병원,충청북도 옥천군 옥천읍 성왕로 1195
370,음성군보건소,충청북도 음성군 음성읍 읍내리 406-4
371,금왕태성병원,충청북도 음성군 금왕읍 음성로1230번길 10
372,제천시보건소,충청북도 제천시 청전동 110
373,제천 서울병원,충청북도 제천시 숭문로 57
374,명지병원(제천),충청북도 제천시 내토로 991
375,증평군보건소,충청북도 증평군 증평읍 내성리 57-2 증평군보건소
376,진천군보건소,충청북도 진천군 진천읍 벽암리 570 진천군보건소 본관
377,건명의료재단 진천성모병원,충북진천읍 중앙북로 36
378,청주시상당보건소,충청북도 청주시 상당구 남일면 단재로 480
379,청주한국병원,충청북도 청주시 상당구 단재로 106
380,청주효성병원,충청북도 청주시 상당구 쇠내로 16
381,청주시흥덕보건소,충청북도 청주시 흥덕구 비하동(강서제1동) 792 흥덕구 보건소 흥덕보건소
382,한마음의료재단하나병원,충청북도 청주시 흥덕구 2순환로 1262
383,베스티안병원,충청북도 흥덕구 오송읍 오송생명1로 191
384,청주시서원보건소,충청북도 청주시 서원구 사직동(사직1동) 888 서원구청 지하1층 서원보건소
385,충청북도 청주의료원,충청북도 청주시 서원구 흥덕로 48
386,충주시보건소,충청북도 충주시 문화동 1655 충주시 건강복지타운 충주시 보건소
387,건국대학교충주병원,충청북도 충주시 국원대로82
388,충주의료원,충청북도 충주시 안림로239-50
389,청주시청원보건소,충청북도 청주시 청원구 오창읍 각리 639-1
390,청주성모병원,충북청주시 청원구 주성로173-19
391,계룡시보건소,충청남도 계룡시 금암동 10-5 계룡시보건소
392,공주시보건소,충청남도 공주시 봉황로 123
393,공주의료원,충청남도 공주시 무령로 77
394,금산군보건소,충청남도 금산군 금산읍 중도리 203-1 금산군보건소
395,논산시보건소,충청남도 논산시 관촉동(취암동) 327-2
396,의료법인백제병원,충청남도 논산시 시민로294번길 14
397,당진시보건소,충청남도 당진시 시청1로
398,당진종합병원,충청남도 당진시 반촌로 5-15
399,보령시보건소,충청남도 보령시 남포면 보령남로 234
400,보령아산병원,충청남도 보령시 죽성로 136
401,부여군보건소,충청남도 부여군 부여읍 구아리 137-2
402,건양대학교 부여병원,충청남도 부여군 부여읍 계백로 200
403,성요셉연합의원,충청남도 부여군 부여읍 사비로 78
404,서산시보건소,충청남도 서산시 예천동(석남동) 496-1 서산시보건소
405,충청남도서산의료원,충청남도 서산시 중앙로 149
406,서천군보건소,충청남도 서천군 서천읍 군사리 799 서천군보건소
407,서해병원,충청남도 서천군 서천읍 서천로 184
408,아산시보건소,충청남도 아산시 남부로 370-24
409,아산충무병원,충청남도 아산시 문화로 381
410,현대병원,충청남도 아산시 시민로 388
411,세종특별자치시보건소,세종특별자치시 조치원읍 대첩로 32
412,세종 충남대학교병원,세종특별자치시 보듬7로20 세종충남대학교병원
413,예산군보건소,충청남도 예산군 예산읍 군청로 22
414,예산종합병원,충청남도 예산군 예산읍 금오대로 94
415,천안시서북구보건소,충청남도 천안시 서북구 번영로 156 천안시청(봉서홀 아래 필로티)
416,의료법인 영서의료재단 천안충무병원,충청남도 천안시 서북구 다가말3길 8
417,학교법인동은학원 순천향대학교부속천안병원,충청남도 천안시 동남구 순천향6길 31
418,충청남도천안의료원,충청남도 천안시 동남구 충절로 537
419,단국대학교의과대학부속병원,충청남도 천안시 동남구 망향로 201
420,천안우리병원,충청남도 천안시 동남구 남부대로 350 (청당동
421,천안시동남구보건소,충청남도 천안시 버들로34
422,홍성군보건소,충청남도 홍성군 홍성읍 오관리 474-7 홍성군보건소
423,홍성의료원,충청남도 홍성군 홍성읍 조양로 224
424,청양군보건의료원,충청남도 청양군 청양읍 칠갑산로 7길 54
425,태안군보건의료원,충청남도 태안군 태안읍 평천리 698-6
426,고창군보건소,전라북도 고창군 고창읍 율계리 101(전봉준로 90)
427,고창병원,전라북도 고창군 고창읍 화신1길 9
428,군산시보건소,전라북도 군산시 수송동 851-1
429,군산의료원,전라북도 군산시 의료원로27
430,동군산병원,전라북도 군산시 149
431,김제시보건소,전라북도 김제시 요촌동 423-2
432,남원시보건소,전라북도 남원시 조산동(금동) 455 남원시보건소
433,남원의료원,전라북도 남원시 충정로 365
434,부안군보건소,전라북도 부안군 부안읍 봉덕리 551-2
435,부안성모병원,전라북도 부안군 부안읍 오정2길 24
436,완주군보건소,전라북도 완주군 삼례읍 삼봉8로 10-10 완주군보건소
437,익산시보건소,전라북도 익산시 무왕로 975
438,원광대학교병원,전라북도 익산시 무왕로 895
439,익산병원,전라북도 익산시 무왕로 969
440,대자인병원,전라북도 전주시 덕진구 견훤로 390
441,전주병원,전라북도 전주시 완산구 한두평3길 13
442,호성전주병원,전라북도 전주시 덕진구 동부대로 895
443,덕진선별진료소,전라북도 전주시 덕진구 벚꽃로 55
444,화산선별진료소,전주시 완산구 백제대로 310
445,정읍시보건소,전라북도 정읍시 수성동 958-2
446,정읍아산병원,전라북도 정읍시 충정로 606-22
447,진안군보건소,전라북도 진안군 진안읍 군상리 90-15 진안보건소 진안군보건소
448,진안군의료원,전라북도 진안군 진안읍 진무로 1145
449,무주군보건의료원,전라북도 무주군 무주읍 당산리 701
450,순창군보건의료원,전라북도 순창군 순창읍 교성로 135
451,임실군보건의료원,전라북도 임실군 임실읍 이도리 270-8 임실군 보건의료원 (270-8번지)
452,장수군보건의료원,전라북도 장수군 장수읍 장수리 425 장수보건의료원
453,강진군보건소,전라남도 강진군 강진읍 목리 11
454,강진의료원,전라남도 강진군 강진읍 탐진로 5
455,고흥군보건소,전라남도 고흥군 고흥읍 등암리 1258-21번지
456,고흥종합병원,전라남도 고흥군 고흥읍 고흥로 1935
457,녹동현대병원,전라남도 고흥군 도양읍 차경구렁목길 215
458,광양시보건소,"전라남도 광양시 광양읍 인덕로 1100, 광양시보건소"
459,광양사랑병원,전라남도 광양시 공영로 71
460,나주시보건소,전라남도 나주시 이창동 740-1
461,나주종합병원,전라남도 나주시 영산로 5419
462,담양군보건소,전라남도 담양군 담양읍 만성리 135
463,담양 사랑병원,전라남도 담양군 담양읍 천변7길 19
464,목포시보건소,전라남도 목포시 산정동 1676
465,목포한국병원,전라남도 목포시 영산로 483
466,목포기독병원,전라남도 목포시 백년대로 303
467,목포중앙병원,전라남도 목포시 영산로 627
468,목포시의료원,전라남도 목포시 이로로 18
469,세안종합병원,전라남도 목포시 고하대로 795-2
470,전남중앙병원,전라남도 목포시 고하대로 724
471,무안군보건소,전라남도 무안군 무안읍 성동리 712-1
472,대송의료재단 무안병원,전라남도 무안군 무안읍 몽탄로 65
473,보성군보건소,전라남도 보성군 보성읍 보성리 827
474,보성아산병원,전라남도 보성군 미력면 가평길 36-17
475,벌교삼호병원,전라남도 보성군 벌교읍 남하로 12
476,순천시보건소,전라남도 순천시 석현동 36-1
477,순천 성가롤로병원,전라남도 순천시 순광로 221
478,순천의료원,전라남도 순천시 서문성터길 2
479,순천병원,전라남도 순천시 조례1길 24(조례동)
480,신안군보건소,전라남도 신안군 압해읍 천사로 1004
481,여수시보건소,전라남도 여수시 학동 213 여수시 보건소
482,여천전남병원,전라남도 여수시 무선로 95
483,여수전남병원,"전라남도 여수시 좌수영로 49(광무동,전남병원)"
484,여수한국병원,전라남도 여수시 여천체육공원길 10
485,여수제일병원,전라남도 여수시 쌍봉로 70
486,영광군보건소,전라남도 영광군 영광읍 남천리 326-5
487,영광종합병원,전라남도 영광군 영광읍 와룡로 3
488,영광기독병원,전라남도 영광군 영광읍 신남로 265
489,영암군보건소,전라남도 영암군 영암읍 춘양리 525 영암군보건소
490,장흥군보건소,전라남도 장흥군 장흥읍 흥성로 49
491,장흥종합병원,전라남도 장흥군 장흥읍 흥성로 92
492,진도군보건소,전라남도 진도군 진도읍 남동리 776-26번지
493,진도한국병원,전라남도 진도군 남문길 48
494,함평군보건소,전라남도 함평군 함평읍 기각리 253
495,함평성심병원,전라남도 함평군 함평읍 영수길 132
496,해남군보건소,전라남도 해남군 해남읍 해남로 46
497,해남종합병원,전라남도 해남군 해남읍 해남로 45
498,해남우리종합병원,전라남도 해남군 옥천면 해남로 597
499,화순군보건소,전라남도 화순군 화순읍 삼천리 719번지
500,전남화순대학교병원,전라남도 화순군 화순읍 서양로 322
501,화순성심병원,전라남도 화순군 화순읍 만연로 31
502,곡성군보건의료원,전라남도 곡성군 곡성읍 곡성로 854
503,곡성사랑병원,전라남도 곡성군 곡성읍 곡성로 761
504,구례군보건의료원,전라남도 구례군 구례읍 동편제길 30
505,구례병원,전라남도 구례군 구례읍 동편제길 4
506,완도군보건의료원,전라남도 완도군 완도읍 죽청리 483-8 완도보건의료원 본관
507,대성병원,전라남도 완도군읍 청해진동로 63
508,장성군보건소,전라남도 장성군 장성읍 청운 11길 13
509,장성병원,전라남도 장성군 장성읍 역전로 171
510,경산시보건소,경상북도 경산시 중방동 708-5 (경산시보건소)
511,경산중앙병원,경상북도 경산시 경안로 11
512,세명병원,경상북도 경산시 경안로 208
513,경주시보건소,경상북도 경주시 황성공원로 30(황성동)
514,동국대 경주병원,경상북도 경주시 동대로 87
515,고령군보건소,경상북도 고령군 대가야읍 지산리 232-8 고령군보건소
516,고령영생병원,경상북도 고령군 대가야읍 중앙로33
517,구미보건소,경상북도 구미시 선산대로 111
518,순천향대학교구미병원,경상북도 구미시 1공단로 179
519,구미차병원,경상북도 구미시 신시로10길 12
520,구미강동병원,경상북도 구미시 인동20길 46
521,군위군보건소,경상북도 군위군 군위읍 군청로 70 군위군보건소
522,김천시보건소,경상북도 김천시 신음동 1284
523,김천제일병원,경상북도 김천시 신음1길 12
524,김천의료원,경상북도 김천시 모암길 24
525,문경시보건소,경상북도 문경시 점촌동(점촌1동) 232 문경시보건소
526,문경제일병원,경상북도 문경시 당교3길 25
527,문경중앙병원,경상북도 문경시 중앙로 117-18
528,봉화군보건소,경상북도 봉화군 봉화읍 내성리 285 봉화군보건소
529,봉화해성병원,경상북도 봉화군 보밑길3 봉화해성병원
530,상주시보건소,경상북도 상주시 무양동 33-4
531,상주적십자병원,경상북도 상주시 상서문로 53
532,상주성모병원,경상북도 상주시 냉림서성길
533,구미시선산보건소,경상북도 구미시 선산읍 선주로121
534,성주군보건소,경상북도 성주군 성주읍 성밖숲길 2
535,안동시보건소,경상북도 안동시 북문동(중구동) 58 안동시보건소
536,안동병원,경상북도 안동시 앙실로 11 (수상동)
537,안동성소병원,경상북도 안동시 서동문로 99
538,경상북도안동의료원,경상북도 안동시 태사2길 55
539,영덕군보건소,경상북도 영덕군 영덕읍 군청길 53
540,영덕아산병원,경상북도 영덕읍 영덕로 1621
541,영양군보건소,경상북도 영양군 영양읍 동부리 동서대로 82번지
542,영주시보건소,경상북도 영주시 휴천동(휴천2동) 466-6 영주시보건소
543,영주적십자병원,경상북도 영주시 대학로 327
544,영천시보건소,경상북도 영천시 문내동 152-1
545,영남대학교 영천병원,경상북도 영천시영천시 오수1길 10
546,예천군보건소,"경상북도 예천군 예천읍 군청길 33, 예천군보건소"
547,예천권병원,"경상북도 예천군 예천읍 시장로 136, 예천권병원"
548,의성군보건소,경상북도 의성군 의성읍 도서리 104-1
549,공생병원,경상북도 의성군 의성읍 문소3길 96
550,청도군보건소,경상북도 청도군 화양읍 범곡리 96
551,칠곡군보건소,경상북도 칠곡군 왜관읍 석전2리 262-1
552,포항시남구보건소,경상북도 포항시 남구 인덕동(제철동) 161-1 남구보건소
553,세명기독병원,경상북도 포항시 남구 대도동 94-8
554,포항성모병원,경상북도 포항시 남구 대잠동길 17
555,포항시북구보건소,경상북도 포항시 북구 장성동 1363
556,포항의료원,경상북도 포항시 북구 용흥로 36
557,울릉군보건의료원,경상북도 울릉군 울릉읍 울릉순환로 396-18
558,울진군보건소,경상북도 울진군 울진읍 읍내8길 61-8
559,청송군보건의료원,경상북도 청송군 청송읍 금곡리 1056-54 청송보건의료원
560,경북북부제2교도소 부속의원,경상북도 청송군 진보면 양정길 110
561,거제시보건소,경상남도 거제시 고현동 906번지
562,거붕백병원,경상남도 거제시 계룡로5길 14
563,대우병원,경상남도 거제시 두모길16
564,맑은샘병원,경상남도 거제시 연초면 거제대로 4477
565,거창군보건소,경상남도 거창군 거창읍 거함대로 3079 거창군보건소
566,거창적십자병원,경상남도 거창군 거창읍 중앙로91 거창적십자병원
567,고성군보건소,경상남도 고성군 고성읍 대독리 4 고성군보건소
568,김해시보건소,경상남도 김해시 외동(내외동) 1261-3 김해시 보건소
569,김해중앙병원,경상남도 김해시 분성로 94-8 (외동)
570,갑을장유병원,경상남도 김해시 장유로 167-13 (부곡동)
571,조은금강병원,경상남도 김해시 김해대로 1814-37 (삼계동)
572,남해군보건소,경상남도 남해군 남해읍 북변리 458-1
573,이도의료재단 남해병원,경상남도 남해군 남해읍 화전로 169
574,창원시 마산보건소,경상남도 창원시 마산합포구 해운동 61-1
575,삼성창원병원,창원시 마산회원구 팔용로 158
576,경상남도마산의료원,창원시 마산합포구 3.15대로 231
577,SMG연세병원,창원시 마산합포구 3.15대로 76
578,밀양시보건소,경상남도 밀양시 삼문동 159-1 (삼문중앙로41)
579,밀양윤병원,경상남도 밀양시 삼문중앙로 32
580,사천시보건소,경상남도 사천시 용현면 덕곡리 사천시청 501번지
581,의료법인승연의료재단 삼천포서울병원,경상남도 사천시 남일로 33(동금동)
582,삼천포제일병원,경상남도 사천시 중앙로136
583,양산시보건소,경상남도 양산시 중부동 707-2(삽량로 169)
584,베데스다병원,경상남도 양산시 신기로 28
585,양산부산대학교병원,경상남도 양산시 금오로 20
586,웅상중앙병원,경상남도 양산시 서창로 59
587,의령군보건소,경상남도 의령군 의령읍 서동리 534
588,의령병원,경상남도 의령군 의령읍 의병로14길 10
589,진주시보건소,"경상남도 진주시 월아산로 2026, 1층 (초전동)"
590,제일병원,경상남도 진주시 진주대로 885
591,고려병원,경상남도 진주시 동진로 2
592,반도병원,경상남도 진주시 남강로701
593,진주복음병원,경상남도 진주시 진양호로 370
594,진주세란병원,경상남도 진주시 진주대로 829
595,경상국립대학교병원,경상남도 진주시 강남로 79
596,한일병원,경상남도 진주시 범골로 17
597,창원시 진해보건소,경상남도 창원시 진해구 풍호동 1 진해보건소
598,연세에스병원,경상남도 창원시 진해구 해원로32번길 13
599,세광병원,경상남도 창원시 진해구 중원동로 55-1
600,창녕군보건소,경상남도 창녕군 창녕읍 교리 996-1 창녕군보건소
601,태황의료재단한성병원,경상남도 창녕군 창녕읍 교리1길 2
602,창원시 창원보건소,경상남도 창원시 의창구 신월동 창원보건소 96-2
603,창원경상국립대학교병원,경상남도 창원시 성산구 삼정자로11
604,창원파티마병원,경상남도 창원시 의창구 창이대로 45
605,창원한마음병원,경상남도 창원시 의창구 용동로57번길 8
606,통영시보건소,경상남도 통영시 무전동 401-1 통영시보건소
607,통영적십자병원,경상남도 통영시 중앙로97
608,하동군보건소,경상남도 하동군 하동읍 읍내리 149-1 하동보건소
609,새하동병원,경상남도 하동군 하동읍 화심길 39
610,함안군보건소,경상남도 함안군 가야읍 말산리 100번지
611,영동병원,경상남도 함안군 칠원읍 용산2길 45-13
612,아라한국병원,경상남도 함안군 산인면 학산2길 17-50
613,함양군보건소,경상남도 함양군 함양읍 한들로 141
614,함양성심병원,경상남도 함양군 함양읍 고운로 70
615,합천군보건소,경상남도 합천군 합천읍 합천리 524-1
616,산청군보건의료원,경상남도 산청군 산청읍 지리 중앙로97
617,서귀포시(서귀포보건소),제주특별자치도 서귀포시 중앙로101번길 52
618,서귀포열린병원,제주특별자치도 서귀포시 일주동로 8638
619,서귀포의료원,제주특별자치도 서귀포시 장수로 47
620,서귀포시(동부보건소),제주특별자치도 서귀포시 남원읍 남원리 2359-1 동부보건소
621,서귀포시(서부보건소),"제주특별자치도 서귀포시 대정읍 최남단해안로15번길 12, 서귀포시 서부보건소"
622,제주시제주보건소,제주특별자치도 제주시 연삼로 264
623,제주대학교병원,제주특별자치도 제주시 아란13길 15
624,제주한라병원,제주특별자치도 제주시 도령로 65
625,한마음병원,제주특별자치도 제주시 연신로 52
626,한국병원,제주특별자치도 제주시 서광로 193
627,중앙병원,제주특별자치도 제주시 월랑로 91
628,제주시(동부보건소),제주특별자치도 제주시 구좌읍 김녕리 1697-1 동부보건소 동부보건소
629,제주시(서부보건소),제주특별자치도 제주시 한림읍 한림리 966-1번지 (한림리)
